Soft Skills,Meaning,Category
Communication,Effectively convey ideas and information through verbal and written means,Communication
Teamwork,Collaborate harmoniously with colleagues to achieve common goals,Intelligence
Adaptability,Quickly adjust to changing circumstances and embrace new challenges,Management
Problem-Solving,Analyze issues to find creative and practical solutions,Intelligence
Leadership,Guide and motivate others to accomplish tasks and reach objectives,Intelligence
Time Management,Efficiently prioritize and organize tasks to meet deadlines,Intelligence
Creativity,Generate innovative ideas and approaches to solve problems,Intelligence
Critical Thinking,Evaluate situations and make informed decisions based on logic and analysis,Intelligence
Emotional Intelligence,Recognize and manage your own emotions while empathizing with others,Intelligence
Conflict Resolution,Resolve disputes and disagreements within a team or organization,Management
Customer Service,Provide exceptional assistance and support to customers or clients,Communication
Negotiation,Reach mutually beneficial agreements in various situations,Communication
Networking,Build and maintain valuable professional relationships,Communication
Stress Management,Handle pressure and maintain composure in high-stress situations,Management
Attention to Detail,Thoroughly review and ensure accuracy in work and tasks.,Communication
Interpersonal Skills,Build positive relationships and interact effectively with others.,Intelligence
Cultural Sensitivity,Respect and adapt to diverse backgrounds and perspectives.,Emotional
Conflict Management,Address conflicts constructively to achieve resolution.,Management
Decision-Making,Make well-informed decisions considering available information.,Intelligence
Presentation Skills,Deliver engaging and informative presentations to audiences.,Communication
Project Management,"Plan, execute, and oversee projects to meet objectives and deadlines.",Management
Data Analysis,Analyze and interpret data to draw meaningful insights and support decision-making.,Intelligence
Salesmanship,Persuasively communicate and close deals to meet sales targets.,Communication
Financial Literacy,"Understand and manage budgets, financial reports, and fiscal responsibilities.",Intelligence
Quality Control,"Ensure products or services meet high-quality standards and customer expectations.
",Management
Networking,Cultivate and expand professional connections to advance your career.,Communication
Digital Marketing,Utilize online platforms to promote products or services effectively.,Intelligence
Public Speaking,Deliver compelling and engaging speeches or presentations to diverse audiences.,Communication
Cross-Cultural Communication,Effectively communicate and collaborate with individuals from diverse cultural backgrounds.,Intelligence
Language Proficiency ,Showcase fluency or proficiency in multiple languages.,Communication
Conflict Management,Address and resolve conflicts within teams or organizations to maintain productivity.,Communication
Research Skills,Conduct thorough research to gather information and support decision-making.,Intelligence
Customer Relationship Management (CRM),Use CRM software to manage and nurture customer relationships.,Communication
Innovation,Drive and foster innovation within teams or organizations.,Intelligence
Mentoring,"Provide guidance and support to junior team members for their professional development.
",Intelligence
Time Zone Management,Effectively coordinate and collaborate with colleagues in different time zones.,Management
Technical Troubleshooting,Optimize the flow of goods and services within a supply chain.,Intelligence
Supply Chain Management,Optimize the flow of goods and services within a supply chain.,Management
Creative Writing,Create engaging and persuasive written content for various purposes.,Intelligence
