Skills,Course
Java,Computer Science and Engineering
Python,Computer Science and Engineering
R,Computer Science and Engineering
C ++,Computer Science and Engineering
Javascript,Computer Science and Engineering
PHP,Computer Science and Engineering
React JS,Computer Science and Engineering
Angular JS,Computer Science and Engineering
HTML,Computer Science and Engineering
C#,Computer Science and Engineering
C,Computer Science and Engineering
Data Structures,Computer Science and Engineering
Data Structures and Algorithms,Computer Science and Engineering
Software Development,Computer Science and Engineering
Database Management,Computer Science and Engineering
Web Development,Computer Science and Engineering
Operating Systems,Computer Science and Engineering
Networking,Computer Science and Engineering
Cybersecurity,Computer Science and Engineering
Cloud Computing,Computer Science and Engineering
Mobile App Development,Computer Science and Engineering
Machine Learning and AI,Computer Science and Engineering
Data Analysis and Visualization,Computer Science and Engineering
Software Testing,Computer Science and Engineering
Containerization and Orchestration,Computer Science and Engineering
Web APIs,Computer Science and Engineering
Computer Graphics,Computer Science and Engineering
Embedded Systems,Computer Science and Engineering
Parallel and Distributed Computing,Computer Science and Engineering
Quantum Computing,Computer Science and Engineering
Natural Language Processing (NLP),Computer Science and Engineering
Robotics,Computer Science and Engineering
Blockchain,Computer Science and Engineering
AR/VR Development,Computer Science and Engineering
Data Science,Computer Science and Engineering
IoT Development,Computer Science and Engineering
Version Control,Computer Science and Engineering
Linux/Unix Administration,Computer Science and Engineering
Microservices Architecture,Computer Science and Engineering
Development Tools and IDEs,Computer Science and Engineering
Web Security,Computer Science and Engineering
Data Mining,Computer Science and Engineering
Full-Stack Development,Computer Science and Engineering
Game Development,Computer Science and Engineering
DevOps Tools,Computer Science and Engineering
Continuous Integration/Continuous Deployment (CI/CD),Computer Science and Engineering
Cloud Architecture,Computer Science and Engineering
Natural Language Generation (NLG),Computer Science and Engineering
Compiler Design,Computer Science and Engineering
Quantum Programming,Computer Science and Engineering
Virtualization Technologies,Computer Science and Engineering
Real-Time Systems,Computer Science and Engineering
Human-Computer Interaction (HCI),Computer Science and Engineering
Computational Biology,Computer Science and Engineering
Computer Vision,Computer Science and Engineering
Cloud Security,Computer Science and Engineering
Embedded Linux Development,Computer Science and Engineering
"Scripting Languages (e.g., Bash, PowerShell)",Computer Science and Engineering
API Design,Computer Science and Engineering
GraphQL,Computer Science and Engineering
Microcontroller Programming,Computer Science and Engineering
Cloud Automation,Computer Science and Engineering
"Internet Protocols (HTTP, HTTPS, FTP, etc.)",Computer Science and Engineering
Data Warehousing,Computer Science and Engineering
Distributed Systems,Computer Science and Engineering
Embedded C/C++,Computer Science and Engineering
Augmented Reality (AR) Technologies,Computer Science and Engineering
Virtual Reality (VR) Technologies,Computer Science and Engineering
Natural Language Understanding (NLU),Computer Science and Engineering
IoT Security,Computer Science and Engineering
"Container Orchestration (e.g., Docker Swarm)",Computer Science and Engineering
Web Performance Optimization,Computer Science and Engineering
Database Administration,Computer Science and Engineering
Secure Coding Practices,Computer Science and Engineering
Cryptography,Computer Science and Engineering
3D Modeling and Animation,Computer Science and Engineering
Computer-Aided Design (CAD),Computer Science and Engineering
Cloud Cost Management,Computer Science and Engineering
AI Ethics and Bias Mitigation,Computer Science and Engineering
Genetic Algorithms,Computer Science and Engineering
"Internet of Things (IoT) Protocols (e.g., MQTT)",Data Science
Java,Data Science
Python,Data Science
R,Data Science
C ++,Data Science
Javascript,Data Science
PHP,Data Science
React JS,Data Science
Angular JS,Data Science
HTML,Data Science
C#,Data Science
C,Data Science
Data Structures,Data Science
Data Structures and Algorithms,Data Science
Software Development,Data Science
Database Management,Data Science
Web Development,Data Science
Front-End Frameworks,Data Science
Back-End Frameworks ,Data Science
Cloud Storage Services ,Data Science
Network Security,Data Science
Load Balancing,Data Science
API Security,Data Science
Cloud Functions and Serverless Computing,Data Science
Quantum Cryptography,Data Science
Edge Computing,Data Science
Data Analysis,Data Science
Statistical Analysis,Data Science
Data Visualization,Data Science
Machine Learning,Data Science
Deep Learning,Data Science
Natural Language Processing (NLP),Data Science
Big Data Technologies,Data Science
Data Wrangling,Data Science
Data Preprocessing,Data Science
Data Cleaning,Data Science
Data Transformation,Data Science
Feature Engineering,Data Science
Predictive Modeling,Data Science
Classification,Data Science
Regression Analysis,Data Science
Clustering,Data Science
Time Series Analysis,Data Science
Anomaly Detection,Data Science
Dimensionality Reduction,Data Science
Recommendation Systems,Data Science
Reinforcement Learning,Data Science
Neural Networks,Data Science
Convolutional Neural Networks (CNNs),Data Science
Recurrent Neural Networks (RNNs),Data Science
Transfer Learning,Data Science
Ensemble Learning,Data Science
Model Evaluation and Validation,Data Science
Cross-Validation,Data Science
Hyperparameter Tuning,Data Science
Model Deployment,Data Science
Data Pipelines,Data Science
Data Warehousing,Data Science
Data Governance,Data Science
Data Privacy and Security,Data Science
A/B Testing,Data Science
Experiment Design,Data Science
SQL and Relational Databases,Data Science
NoSQL Databases,Data Science
Cloud Data Services,Data Science
Distributed Computing,Data Science
Data Mining,Data Science
Text Mining,Data Science
Geospatial Analysis,Data Science
Web Scraping,Data Science
Data Ethics,Data Science
Data Storytelling,Data Science
Data Journalism,Data Science
Time Series Forecasting,Data Science
Survival Analysis,Data Science
Image Processing,Data Science
Audio Analysis,Data Science
Video Analysis,Data Science
Bayesian Statistics,Data Science
Graph Analytics,Data Science
Network Analysis,Artificial Intelligence
Customer Segmentation,Artificial Intelligence
Market Basket Analysis,Artificial Intelligence
Deep Reinforcement Learning,Artificial Intelligence
Causal Inference,Artificial Intelligence
Explainable AI (XAI),Artificial Intelligence
AutoML (Automated Machine Learning),Artificial Intelligence
Data Governance,Artificial Intelligence
Data Catalogs,Artificial Intelligence
Data Integration,Artificial Intelligence
Data Engineering,Artificial Intelligence
Data Lake Architecture,Artificial Intelligence
Data Streaming,Artificial Intelligence
Data Ethics and Bias Mitigation,Artificial Intelligence
Data Regulation Compliance,Artificial Intelligence
Data Quality Assurance,Artificial Intelligence
Business Intelligence (BI) Tools,Artificial Intelligence
Tableau,Artificial Intelligence
Power BI,Artificial Intelligence
Data Science Platforms,Artificial Intelligence
Cloud-based Data Science,Artificial Intelligence
IoT Data Analysis,Artificial Intelligence
Marketing Analytics,Artificial Intelligence
Healthcare Analytics,Artificial Intelligence
Financial Analytics,Artificial Intelligence
Java,Artificial Intelligence
Python,Artificial Intelligence
Ruby,Artificial Intelligence
C ++,Artificial Intelligence
Javascript,Artificial Intelligence
PHP,Artificial Intelligence
React JS,Artificial Intelligence
Angular JS,Artificial Intelligence
HTML,Artificial Intelligence
C#,Artificial Intelligence
C,Artificial Intelligence
Data Structures,Artificial Intelligence
Data Structures and Algorithms,Artificial Intelligence
Software Development,Artificial Intelligence
Database Management,Artificial Intelligence
Web Development,Artificial Intelligence
,Artificial Intelligence
Sports Analytics,Artificial Intelligence
Machine Learning Algorithms,Artificial Intelligence
"Deep Learning Frameworks (e.g., TensorFlow, PyTorch)",Machine Learning
Neural Networks,Machine Learning
Natural Language Processing (NLP),Machine Learning
Computer Vision,Machine Learning
Reinforcement Learning,Machine Learning
Generative Adversarial Networks (GANs),Machine Learning
Data Preprocessing and Feature Engineering,Machine Learning
Model Evaluation and Validation,Machine Learning
Supervised Learning,Machine Learning
Unsupervised Learning,Machine Learning
Transfer Learning,Machine Learning
Convolutional Neural Networks (CNNs),Machine Learning
Recurrent Neural Networks (RNNs),Machine Learning
Attention Mechanisms,Machine Learning
Autoencoders,Machine Learning
"Reinforcement Learning Environments (e.g., OpenAI Gym)",Machine Learning
Time Series Analysis,Machine Learning
Recommender Systems,Machine Learning
Data Annotation and Labeling,Machine Learning
Natural Language Generation (NLG),Machine Learning
Sentiment Analysis,Machine Learning
Image Segmentation,Machine Learning
Object Detection,Machine Learning
Speech Recognition,Machine Learning
Transformers,Machine Learning
Bayesian Machine Learning,Machine Learning
Probabilistic Graphical Models,Machine Learning
Java,Machine Learning
Python,Machine Learning
R,Machine Learning
C ++,Mechnical Engineering
Javascript,Mechnical Engineering
PHP,Mechnical Engineering
React JS,Mechnical Engineering
Angular JS,Mechnical Engineering
HTML,Mechnical Engineering
C#,Mechnical Engineering
C,Mechnical Engineering
Data Structures,Mechnical Engineering
Data Structures and Algorithms,Mechnical Engineering
Software Development,Mechnical Engineering
Database Management,Mechnical Engineering
Web Development,Mechnical Engineering
Hyperparameter Tuning,Mechnical Engineering
Model Optimization and Deployment,Mechnical Engineering
AI Ethics and Bias Mitigation,Mechnical Engineering
Interpretability and Explainability,Mechnical Engineering
AI Research and Paper Reading,Mechnical Engineering
"Mathematics (Linear Algebra, Calculus, Statistics)",Mechnical Engineering
"Cloud AI Services (e.g., AWS AI, Google AI, Azure AI)",Mechnical Engineering
"Distributed Computing for AI (e.g., distributed training)",Mechnical Engineering
"AI Model Interpretation Tools (e.g., SHAP, Lime)",Mechnical Engineering
Natural Language Understanding (NLU),Mechnical Engineering
"Computer Vision Libraries (e.g., OpenCV)",Mechnical Engineering
Data Augmentation Techniques,Mechnical Engineering
"Reinforcement Learning Frameworks (e.g., RLlib)",Mechnical Engineering
Knowledge Graphs,Mechnical Engineering
Time Series Forecasting with AI,Mechnical Engineering
Federated Learning,Mechnical Engineering
Machine Learning Algorithms,Mechnical Engineering
Deep Learning,Mechnical Engineering
Natural Language Processing (NLP),Mechnical Engineering
Computer Vision,Mechnical Engineering
Model Optimization,Mechnical Engineering
Feature Engineering,Mechnical Engineering
Data Preprocessing,Electrical Engineering
Model Evaluation,Electrical Engineering
Hyperparameter Tuning,Electrical Engineering
Data Visualization,Electrical Engineering
Ensemble Learning,Electrical Engineering
Reinforcement Learning,Electrical Engineering
Time Series Analysis,Electrical Engineering
AI Ethics,Electrical Engineering
Distributed Computing,Electrical Engineering
GPU Programming,Electrical Engineering
Deployment and Serving,Electrical Engineering
Big Data Technologies,Electrical Engineering
Version Control for ML,Electrical Engineering
Model Interpretability,Electrical Engineering
AutoML,Electrical Engineering
Cloud AI Services,Electrical Engineering
MLOps,Electrical Engineering
Quantum Machine Learning,Electrical Engineering
Time Series Forecasting,Electrical Engineering
Anomaly Detection,Electrical Engineering
Bayesian Methods,Electrical Engineering
Recommendation Systems,Electrical Engineering
A/B Testing,Electrical Engineering
Transfer Learning,Electrical Engineering
Mechanical Design,Electrical Engineering
CAD (Computer-Aided Design),Electrical Engineering
FEA (Finite Element Analysis),Electrical Engineering
Thermodynamics,Electrical Engineering
Fluid Mechanics,Electrical Engineering
Heat Transfer,Electrical Engineering
Materials Science,Electrical Engineering
Manufacturing Processes,Electrical Engineering
Mechatronics,Electrical Engineering
Robotics,Electrical Engineering
Machine Design,Electrical Engineering
Structural Analysis,Electrical Engineering
Automotive Engineering,Electrical Engineering
Aerospace Engineering,Electrical Engineering
"HVAC (Heating, Ventilation, and Air Conditioning)",Electrical Engineering
Piping and Plumbing Systems,Electrical Engineering
CAD/CAM (Computer-Aided Manufacturing),Electrical Engineering
Vibration Analysis,Electrical Engineering
Failure Analysis,Electrical Engineering
Tolerance Analysis,Electrical Engineering
PLM (Product Lifecycle Management),Electrical Engineering
Quality Control and Assurance,Electrical Engineering
Environmental Sustainability,Electrical Engineering
Project Management,Electrical Engineering
Mathematics,Electrical Engineering
Technical Documentation,Electrical Engineering
Safety Regulations,Electronics and Telecommunication
Computer Programming,Electronics and Telecommunication
Instrumentation and Control Systems,Electronics and Telecommunication
Welding and Joining Techniques,Electronics and Telecommunication
CAD Customization,Electronics and Telecommunication
Engineering Ethics,Electronics and Telecommunication
Technical Communication,Electronics and Telecommunication
Machining and Tooling,Electronics and Telecommunication
Electromechanical Systems,Electronics and Telecommunication
Circuit Design,Electronics and Telecommunication
Electronics Troubleshooting,Electronics and Telecommunication
Digital Electronics,Electronics and Telecommunication
Analog Electronics,Electronics and Telecommunication
Power Electronics,Electronics and Telecommunication
Control Systems,Electronics and Telecommunication
Microcontrollers and Microprocessors,Electronics and Telecommunication
PCB (Printed Circuit Board) Design,Electronics and Telecommunication
Electrical Safety Standards,Electronics and Telecommunication
Electric Power Generation and Distribution,Electronics and Telecommunication
Renewable Energy Technologies,Electronics and Telecommunication
Electrical Machines (Motors and Generators),Electronics and Telecommunication
Power Systems Analysis,Electronics and Telecommunication
Power Quality Analysis,Electronics and Telecommunication
Electrical Control Systems,Electronics and Telecommunication
Instrumentation and Measurement,Electronics and Telecommunication
Programmable Logic Controllers (PLCs),Electronics and Telecommunication
Embedded Systems,Electronics and Telecommunication
Electromagnetic Field Theory,Electronics and Telecommunication
Signal Processing,Electronics and Telecommunication
RF (Radio Frequency) Engineering,Electronics and Telecommunication
Communication Systems,Electronics and Telecommunication
Electric Drives and Control,Electronics and Telecommunication
Automation and Robotics,Environmental Engineering
CAD (Computer-Aided Design) Software for Electrical Design,Environmental Engineering
MATLAB and Simulink,Environmental Engineering
LabVIEW (for test and measurement automation),Environmental Engineering
Electrical Testing and Troubleshooting Tools,Environmental Engineering
High Voltage Engineering,Environmental Engineering
Transformer Design and Analysis,Environmental Engineering
"Electric Circuit Simulation Software (e.g., SPICE)",Environmental Engineering
Digital Signal Processing (DSP),Environmental Engineering
VHDL or Verilog (for FPGA design),Environmental Engineering
Electric Vehicle (EV) Systems,Environmental Engineering
Battery Management Systems (BMS),Environmental Engineering
Energy Storage Technologies,Environmental Engineering
Electromechanical Systems,Environmental Engineering
Renewable Energy Grid Integration,Environmental Engineering
Electromagnetic Compatibility (EMC),Environmental Engineering
Failure Analysis and Root Cause Investigation,Environmental Engineering
Safety Protocols for Electrical Work,Environmental Engineering
Lightning Protection and Grounding,Environmental Engineering
CAD Customization for Electrical Design,Environmental Engineering
Building Automation Systems (BAS),Environmental Engineering
Electrical Codes and Regulations,Environmental Engineering
Energy Efficiency and Conservation,Environmental Engineering
"Electric Circuit Simulation Software (e.g., PSpice)",Environmental Engineering
Cybersecurity in Electrical Systems,Environmental Engineering
Power Plant Operations and Maintenance,Environmental Engineering
Technical Writing and Documentation,Environmental Engineering
Circuit Design,Environmental Engineering
Analog Electronics,Environmental Engineering
Digital Electronics,Environmental Engineering
Embedded Systems,Environmental Engineering
PCB Design (Printed Circuit Board),Environmental Engineering
Microcontroller Programming,Environmental Engineering
Firmware Development,Environmental Engineering
Power Electronics,Environmental Engineering
Sensor Integration,Environmental Engineering
RF (Radio Frequency) Electronics,Environmental Engineering
"Communication Protocols (UART, SPI, I2C)",Environmental Engineering
Electronic Testing and Measurement,Environmental Engineering
Electromagnetic Compatibility (EMC),Environmental Engineering
EDA Tools (Electronic Design Automation),Environmental Engineering
VHDL/Verilog,Environmental Engineering
Circuit Simulation (SPICE),Environmental Engineering
"Wireless Communication (Wi-Fi, Bluetooth)",Environmental Engineering
Control Systems,Environmental Engineering
Robotics Electronics,Environmental Engineering
ASIC/FPGA Design,Environmental Engineering
Signal Processing,Environmental Engineering
PCB Assembly and Prototyping,Environmental Engineering
Safety and Compliance,Environmental Engineering
Technical Documentation,Information Technology
CAD Tools,Information Technology
Environmental Testing,Information Technology
Power Management,Information Technology
Failure Analysis,Information Technology
Energy Efficiency,Information Technology
Soldering and PCB Rework,Information Technology
C Programming,Information Technology
Engineering Ethics,Information Technology
Environmental Impact Assessment (EIA),Information Technology
Environmental Modeling,Information Technology
Air Quality Monitoring and Management,Information Technology
Water Quality Assessment and Management,Information Technology
Soil and Groundwater Remediation,Information Technology
Hazardous Waste Management,Information Technology
Pollution Prevention and Control,Information Technology
Environmental Compliance and Regulations,Information Technology
Environmental Permitting,Information Technology
Environmental Site Assessment (ESA),Information Technology
Geographic Information Systems (GIS),Information Technology
Remote Sensing,Information Technology
Environmental Sampling and Analysis,Information Technology
Environmental Data Management,Information Technology
Sustainability Assessment,Information Technology
Renewable Energy Systems,Information Technology
Water Resources Management,Civil Engineering
Environmental Monitoring and Reporting,Civil Engineering
Environmental Risk Assessment,Civil Engineering
Environmental Policy Development,Civil Engineering
Climate Change Mitigation and Adaptation,Civil Engineering
Ecological Restoration,Civil Engineering
Wetland Conservation,Civil Engineering
Environmental Health and Safety (EHS),Civil Engineering
Environmental Auditing,Civil Engineering
Environmental Management Systems (EMS),Civil Engineering
Green Building and Sustainable Design,Civil Engineering
Environmental Education and Outreach,Civil Engineering
Sustainable Transportation Planning,Civil Engineering
Environmental Economics and Cost-Benefit Analysis,Civil Engineering
Life Cycle Assessment (LCA),Civil Engineering
Water and Wastewater Treatment,Civil Engineering
Solid Waste Management,Civil Engineering
Renewable Energy Integration,Civil Engineering
Environmental Sustainability Reporting,Civil Engineering
Environmental Remediation Technologies,Civil Engineering
Environmental Chemistry,Civil Engineering
Environmental Biology,Civil Engineering
Environmental Geology,Civil Engineering
Environmental Law and Policy Analysis,Civil Engineering
Environmental Impact Mitigation Strategies,Civil Engineering
Environmental Monitoring Equipment Operation,Civil Engineering
"Environmental Software Tools (e.g., HOMER, AERMOD)",Civil Engineering
Hydrological Modeling,Civil Engineering
Air Emissions Inventories,Civil Engineering
Hazardous Materials Handling and Transportation,Civil Engineering
Water Resources Modeling,Architechture
"Geographic Information System (GIS) Software (e.g., ArcGIS)",Architechture
"Environmental Health and Safety Regulations (e.g., OSHA)",Architechture
Environmental Laboratory Techniques,Architechture
Operating Systems,Architechture
Networking,Architechture
Server Administration,Architechture
Cloud Computing,Architechture
Database Management,Architechture
Programming and Scripting,Architechture
Web Technologies,Architechture
Cybersecurity,Architechture
Backup and Recovery,Architechture
IT Infrastructure,Architechture
Software Deployment and Configuration,Architechture
Monitoring and Troubleshooting,Architechture
IT Service Management (ITSM),Architechture
Virtualization,Architechture
Collaboration Tools,Architechture
IT Compliance and Regulations,Architechture
Mobile Device Management (MDM),Architechture
Automation and DevOps,Architechture
IT Project Management,Architechture
IT Documentation and Reporting,Architechture
Collaborative Tools,Architechture
Data Center Management,Architechture
Disaster Recovery Planning,Architechture
Wireless Networking,Architechture
IoT (Internet of Things),Architechture
Structural Engineering,Architechture
Geotechnical Engineering,Architechture
Transportation Engineering,Architechture
Construction Management,Architechture
AutoCAD,Architechture
Civil 3D,Architechture
Building Information Modeling (BIM),Architechture
"Structural Analysis Software (e.g., SAP2000, ETABS)",Architechture
"Geotechnical Analysis Software (e.g., GeoStudio)",Architechture
Construction Estimation Software,Architechture
Project Management,Architechture
Environmental Engineering,Architechture
Surveying and Land Development,Architechture
Hydraulic and Hydrological Analysis,Architechture
Site Development,Architechture
Road and Highway Design,Architechture
Environmental Impact Assessment,Architechture
Materials Testing and Quality Control,Architechture
Building Codes and Regulations,Architechture
Safety and Risk Assessment,Architechture
"CAD Software (e.g., Revit, MicroStation)",Architechture
Concrete and Steel Design,Automation and Robotics
Geographical Information Systems (GIS),Automation and Robotics
Stormwater Management,Automation and Robotics
Water Resources Engineering,Automation and Robotics
Land Use Planning,Automation and Robotics
Contract Management,Automation and Robotics
Cost Estimation and Budgeting,Automation and Robotics
Quality Assurance and Quality Control (QA/QC),Automation and Robotics
Finite Element Analysis (FEA),Automation and Robotics
Architectural Design,Automation and Robotics
AutoCAD,Automation and Robotics
Building Information Modeling (BIM),Automation and Robotics
"3D Modeling Software (e.g., Revit, SketchUp)",Automation and Robotics
Structural Analysis,Automation and Robotics
Construction Management,Automation and Robotics
Sustainable Design,Automation and Robotics
Site Planning,Automation and Robotics
Interior Design,Automation and Robotics
Urban Planning,Automation and Robotics
Building Codes and Regulations,Automation and Robotics
Construction Documentation,Automation and Robotics
Materials and Specifications,Automation and Robotics
Architectural Visualization,Automation and Robotics
Project Management,Automation and Robotics
CAD/CAM,Automation and Robotics
Environmental Impact Assessment,Automation and Robotics
Energy Efficiency Analysis,Automation and Robotics
Land Use Planning,Automation and Robotics
Space Planning,Automation and Robotics
Cost Estimation,Automation and Robotics
"Building Systems (HVAC, Electrical, Plumbing)",Automation and Robotics
Landscape Design,Automation and Robotics
Accessibility Compliance,Automation and Robotics
Historic Preservation,Automation and Robotics
Geographical Information Systems (GIS),Automation and Robotics
Acoustic Design,Automation and Robotics
Fire Safety and Prevention,Automation and Robotics
Risk Assessment,Automation and Robotics
Structural Engineering,Automation and Robotics
Architectural Drafting,Automation and Robotics
Project Scheduling,Production Engineering
Model Making,Production Engineering
Feasibility Studies,Production Engineering
Green Building Certification (LEED),Production Engineering
Construction Technology,Production Engineering
Presentation and Communication Skills,Production Engineering
"Collaborative Software (e.g., Microsoft Teams, Slack)",Production Engineering
Geometric Design,Production Engineering
Site Surveying,Production Engineering
"Design Software (e.g., Adobe Creative Suite)",Production Engineering
"Visualization Tools (e.g., Lumion)",Production Engineering
Building Envelope Design,Production Engineering
Disaster Resilience Planning,Production Engineering
Concept Development,Production Engineering
Building Maintenance and Operations,Production Engineering
Code Compliance,Production Engineering
Construction Contracts and Procurement,Production Engineering
Sustainable Materials Selection,Production Engineering
Architectural Photography,Production Engineering
Robotics Programming,Production Engineering
Automation Systems Integration,Production Engineering
Control Systems,Production Engineering
Kinematics and Dynamics,Production Engineering
Robot Vision Systems,Production Engineering
Industrial Automation,Production Engineering
PLC Programming,Production Engineering
CNC Programming,Production Engineering
Robotics Simulation,Production Engineering
Robot Operating Systems (ROS),Production Engineering
Computer Vision,Production Engineering
Machine Learning for Robotics,Chemical Engineering
Sensor Integration,Chemical Engineering
Robot Calibration,Chemical Engineering
Human-Robot Interaction,Chemical Engineering
Autonomous Navigation,Chemical Engineering
Path Planning,Chemical Engineering
Motion Control,Chemical Engineering
End-Effector Design,Chemical Engineering
Robot Grippers and Manipulators,Chemical Engineering
Robotics Software Development,Chemical Engineering
3D Modeling and Simulation,Chemical Engineering
Robotics Hardware Development,Chemical Engineering
Robotics Testing and Validation,Chemical Engineering
Safety Systems for Robots,Chemical Engineering
IoT Integration with Robots,Chemical Engineering
Industrial Internet of Things (IIoT),Chemical Engineering
Mechatronics,Chemical Engineering
Embedded Systems,Chemical Engineering
CAD and Solid Modeling,Chemical Engineering
ROS Packages Development,Chemical Engineering
Machine Vision Systems,Chemical Engineering
"Embedded Programming (e.g., C/C++)",Chemical Engineering
Microcontroller Programming,Chemical Engineering
Robot Kinematic Analysis,Chemical Engineering
Robot Path Optimization,Chemical Engineering
Robot Control Algorithms,Chemical Engineering
Robot Vision Algorithms,Chemical Engineering
"Robot Simulation Tools (e.g., Gazebo)",Chemical Engineering
"Industrial Robot Brands (e.g., ABB, Fanuc, KUKA)",Chemical Engineering
Lean Manufacturing,Chemical Engineering
Six Sigma,Chemical Engineering
Quality Control,Chemical Engineering
Process Improvement,Chemical Engineering
Production Planning,Chemical Engineering
Manufacturing Equipment,Chemical Engineering
CNC Machining,Chemical Engineering
Automation,Chemical Engineering
Materials Science,Chemical Engineering
Statistical Process Control (SPC),Chemical Engineering
Root Cause Analysis,Chemical Engineering
Supply Chain Management,Aeronautical Engineering
CAD/CAM,Aeronautical Engineering
Continuous Improvement,Aeronautical Engineering
Kaizen,Aeronautical Engineering
Value Stream Mapping,Aeronautical Engineering
Production Scheduling,Aeronautical Engineering
Industrial Engineering,Aeronautical Engineering
OEE (Overall Equipment Effectiveness),Aeronautical Engineering
Safety Compliance,Aeronautical Engineering
Production Metrics,Aeronautical Engineering
Assembly Line Optimization,Aeronautical Engineering
Workforce Management,Aeronautical Engineering
TPM (Total Productive Maintenance),Aeronautical Engineering
ISO Standards,Aeronautical Engineering
"HSE (Health, Safety, and Environment)",Aeronautical Engineering
5S Methodology,Aeronautical Engineering
JIT (Just-In-Time) Manufacturing,Aeronautical Engineering
Product Development,Aeronautical Engineering
Project Management,Aeronautical Engineering
Chemical Process Design,Aeronautical Engineering
Reaction Kinetics,Aeronautical Engineering
Mass and Energy Balances,Aeronautical Engineering
Heat Exchangers,Aeronautical Engineering
Distillation,Aeronautical Engineering
Fluid Mechanics,Aeronautical Engineering
Thermodynamics,Aeronautical Engineering
Chemical Separation Processes,Aeronautical Engineering
Process Control and Instrumentation,Aeronautical Engineering
"Chemical Engineering Software (e.g., Aspen Plus, COMSOL)",Aeronautical Engineering
Chemical Plant Safety,Aeronautical Engineering
"Hazard Analysis (e.g., HAZOP)",Aeronautical Engineering
Material and Energy Flows,Aeronautical Engineering
Chemical Reactor Design,Aeronautical Engineering
Transport Phenomena,Aeronautical Engineering
Process Optimization,Aeronautical Engineering
Process Simulation,Aeronautical Engineering
Piping and Instrumentation Diagrams (P&IDs),Aeronautical Engineering
Quality Control and Assurance,Aeronautical Engineering
Environmental Compliance,Aeronautical Engineering
Laboratory Techniques,Aeronautical Engineering
Data Analysis and Statistics,Nanoscience
Computational Fluid Dynamics (CFD),Nanoscience
Process Safety Management (PSM),Nanoscience
Pilot Plant Operations,Nanoscience
Environmental Engineering,Nanoscience
Bioprocess Engineering,Nanoscience
Polymer Engineering,Nanoscience
Catalysis,Nanoscience
Corrosion Control,Nanoscience
Waste Treatment and Management,Nanoscience
Nanotechnology,Nanoscience
Risk Assessment,Nanoscience
Regulatory Compliance,Nanoscience
Chemical Engineering Economics,Nanoscience
Project Management,Nanoscience
Safety Instrumented Systems (SIS),Nanoscience
Statistical Process Control (SPC),Nanoscience
Process Intensification,Nanoscience
Six Sigma Methodology,Nanoscience
Aerodynamics,Nanoscience
Aircraft Design,Nanoscience
Aircraft Structures,Nanoscience
Aerospace Materials,Nanoscience
Aircraft Propulsion,Nanoscience
Flight Mechanics,Nanoscience
Computational Fluid Dynamics (CFD),Nanoscience
Wind Tunnel Testing,Nanoscience
Avionics Systems,Nanoscience
Control Systems,Nanoscience
Flight Control Systems,Nanoscience
Finite Element Analysis (FEA),Biotechnology
Aircraft Performance Analysis,Biotechnology
Aircraft Systems Integration,Biotechnology
Aircraft Certification and Regulations,Biotechnology
Composite Materials,Biotechnology
Aircraft Maintenance and Repair,Biotechnology
Aircraft Safety and Reliability,Biotechnology
Structural Analysis,Biotechnology
Aircraft Testing and Validation,Biotechnology
Aircraft Manufacturing Processes,Biotechnology
Aircraft Systems Software,Biotechnology
Aircraft Simulations,Biotechnology
Aircraft Environmental Impact Analysis,Biotechnology
Aerospace CAD/CAM Software,Biotechnology
Aircraft Instrumentation,Biotechnology
Aircraft Electrical Systems,Biotechnology
Aircraft Flight Testing,Biotechnology
UAV (Unmanned Aerial Vehicle) Technology,Biotechnology
Rocket Propulsion Systems,Biotechnology
"Aerospace Engineering Software (e.g., CATIA, ANSYS)",Biotechnology
Aircraft Avionics Integration,Biotechnology
Aircraft Structural Health Monitoring,Biotechnology
Flight Data Analysis,Biotechnology
Aircraft Modification and Retrofit,Biotechnology
Aircraft Ground Support Equipment,Biotechnology
Aircraft Fuel Systems,Biotechnology
Aircraft Navigation Systems,Biotechnology
Aircraft Communication Systems,Biotechnology
Aircraft Systems Troubleshooting,Biotechnology
Nanofabrication Techniques,Biotechnology
Nanomaterial Synthesis,Artificial Intelligence and Machine Learning
"Characterization Techniques (e.g., TEM, SEM)",Artificial Intelligence and Machine Learning
Nanoscale Imaging,Artificial Intelligence and Machine Learning
Nanoparticle Engineering,Artificial Intelligence and Machine Learning
Surface Modification,Artificial Intelligence and Machine Learning
Nanomechanics,Artificial Intelligence and Machine Learning
Quantum Dots,Artificial Intelligence and Machine Learning
Nanosensors,Artificial Intelligence and Machine Learning
Nanoelectronics,Artificial Intelligence and Machine Learning
Nanophotonics,Artificial Intelligence and Machine Learning
Nanochemistry,Artificial Intelligence and Machine Learning
Nanobiotechnology,Artificial Intelligence and Machine Learning
Nanomagnetics,Artificial Intelligence and Machine Learning
Nanofluidics,Artificial Intelligence and Machine Learning
Nanomaterials Modeling,Artificial Intelligence and Machine Learning
Cleanroom Protocols,Artificial Intelligence and Machine Learning
"Scanning Probe Microscopy (e.g., AFM, STM)",Artificial Intelligence and Machine Learning
Nanostructured Materials,Artificial Intelligence and Machine Learning
Nanoscale Optoelectronics,Artificial Intelligence and Machine Learning
Nanoassembly,Artificial Intelligence and Machine Learning
Nanolithography,Artificial Intelligence and Machine Learning
Microfluidics,Artificial Intelligence and Machine Learning
Nanoparticle Toxicology,Artificial Intelligence and Machine Learning
Quantum Mechanics,Artificial Intelligence and Machine Learning
Nanocomposites,Artificial Intelligence and Machine Learning
Nanorobotics,Artificial Intelligence and Machine Learning
Carbon Nanotubes,Artificial Intelligence and Machine Learning
Nanowire Devices,Artificial Intelligence and Machine Learning
Nanotribology,Artificial Intelligence and Machine Learning
Molecular Biology Techniques,Artificial Intelligence and Machine Learning
Cell Culture,Artificial Intelligence and Machine Learning
DNA Sequencing,Artificial Intelligence and Machine Learning
Polymerase Chain Reaction (PCR),Artificial Intelligence and Machine Learning
Genetic Engineering,Artificial Intelligence and Machine Learning
Protein Purification,Artificial Intelligence and Machine Learning
Microscopy,Artificial Intelligence and Machine Learning
Bioinformatics,Artificial Intelligence and Machine Learning
Genomic Data Analysis,Artificial Intelligence and Machine Learning
Enzyme Kinetics,Artificial Intelligence and Machine Learning
Flow Cytometry,Artificial Intelligence and Machine Learning
Immunology,Artificial Intelligence and Machine Learning
Mass Spectrometry,Artificial Intelligence and Machine Learning
Western Blotting,Artificial Intelligence and Machine Learning
Gel Electrophoresis,Artificial Intelligence and Machine Learning
Biochemical Assays,Artificial Intelligence and Machine Learning
Tissue Engineering,Artificial Intelligence and Machine Learning
Bioprocess Engineering,Artificial Intelligence and Machine Learning
Biomaterials,Artificial Intelligence and Machine Learning
Fermentation,Artificial Intelligence and Machine Learning
Lab Automation,Artificial Intelligence and Machine Learning
Quality Control/Assurance,Artificial Intelligence and Machine Learning
Regulatory Compliance,Artificial Intelligence and Machine Learning
Clinical Trials,Artificial Intelligence and Machine Learning
Statistical Analysis,Artificial Intelligence and Machine Learning
Laboratory Safety,Artificial Intelligence and Machine Learning
Scientific Writing,Artificial Intelligence and Machine Learning
Scientific Presentation,Artificial Intelligence and Machine Learning
Intellectual Property (IP) Management,Artificial Intelligence and Machine Learning
Project Management,Artificial Intelligence and Machine Learning
Machine Learning Algorithms,Artificial Intelligence and Machine Learning
"Deep Learning Frameworks (e.g., TensorFlow, PyTorch)",Artificial Intelligence and Machine Learning
Neural Networks,Artificial Intelligence and Machine Learning
Natural Language Processing (NLP),Artificial Intelligence and Machine Learning
Computer Vision,Artificial Intelligence and Machine Learning
Reinforcement Learning,Artificial Intelligence and Machine Learning
Generative Adversarial Networks (GANs),Artificial Intelligence and Machine Learning
Data Preprocessing and Feature Engineering,Artificial Intelligence and Machine Learning
Model Evaluation and Validation,Artificial Intelligence and Machine Learning
Supervised Learning,Artificial Intelligence and Machine Learning
Unsupervised Learning,Artificial Intelligence and Machine Learning
Transfer Learning,Artificial Intelligence and Machine Learning
Convolutional Neural Networks (CNNs),Artificial Intelligence and Machine Learning
Recurrent Neural Networks (RNNs),Artificial Intelligence and Machine Learning
Java,Artificial Intelligence and Machine Learning
Python,Artificial Intelligence and Machine Learning
R,Artificial Intelligence and Machine Learning
C ++,Artificial Intelligence and Machine Learning
Javascript,Artificial Intelligence and Machine Learning
PHP,Artificial Intelligence and Machine Learning
React JS,Artificial Intelligence and Machine Learning
Angular JS,Artificial Intelligence and Machine Learning
HTML,Artificial Intelligence and Machine Learning
C#,Artificial Intelligence and Machine Learning
C,Artificial Intelligence and Machine Learning
Data Structures,Artificial Intelligence and Machine Learning
Data Structures and Algorithms,Artificial Intelligence and Machine Learning
Software Development,Artificial Intelligence and Machine Learning
Database Management,Artificial Intelligence and Machine Learning
Web Development,Artificial Intelligence and Machine Learning
Attention Mechanisms,Artificial Intelligence and Machine Learning
Autoencoders,Artificial Intelligence and Machine Learning
"Reinforcement Learning Environments (e.g., OpenAI Gym)",Artificial Intelligence and Machine Learning
Time Series Analysis,Artificial Intelligence and Machine Learning
Recommender Systems,Artificial Intelligence and Machine Learning
Data Annotation and Labeling,Artificial Intelligence and Machine Learning
Natural Language Generation (NLG),Artificial Intelligence and Machine Learning
Sentiment Analysis,Artificial Intelligence and Machine Learning
Image Segmentation,Artificial Intelligence and Machine Learning
Object Detection,Artificial Intelligence and Machine Learning
Speech Recognition,Artificial Intelligence and Machine Learning
Transformers,Artificial Intelligence and Machine Learning
Bayesian Machine Learning,Artificial Intelligence and Machine Learning
Probabilistic Graphical Models,Artificial Intelligence and Machine Learning
Hyperparameter Tuning,Artificial Intelligence and Machine Learning
Model Optimization and Deployment,Artificial Intelligence and Machine Learning
AI Ethics and Bias Mitigation,Artificial Intelligence and Machine Learning
Interpretability and Explainability,Artificial Intelligence and Machine Learning
AI Research and Paper Reading,Artificial Intelligence and Machine Learning
"Mathematics (Linear Algebra, Calculus, Statistics)",Artificial Intelligence and Machine Learning
"Cloud AI Services (e.g., AWS AI, Google AI, Azure AI)",Artificial Intelligence and Machine Learning
"Distributed Computing for AI (e.g., distributed training)",Artificial Intelligence and Machine Learning
"AI Model Interpretation Tools (e.g., SHAP, Lime)",Artificial Intelligence and Machine Learning
Natural Language Understanding (NLU),Artificial Intelligence and Machine Learning
"Computer Vision Libraries (e.g., OpenCV)",Artificial Intelligence and Machine Learning
Data Augmentation Techniques,Artificial Intelligence and Machine Learning
"Reinforcement Learning Frameworks (e.g., RLlib)",Artificial Intelligence and Machine Learning
Knowledge Graphs,Artificial Intelligence and Machine Learning
Time Series Forecasting with AI,Artificial Intelligence and Machine Learning
Federated Learning,Artificial Intelligence and Machine Learning
Machine Learning Algorithms,Artificial Intelligence and Machine Learning
Deep Learning,Artificial Intelligence and Machine Learning
Natural Language Processing (NLP),Artificial Intelligence and Machine Learning
Computer Vision,Artificial Intelligence and Machine Learning
Model Optimization,Artificial Intelligence and Machine Learning
Feature Engineering,Artificial Intelligence and Machine Learning
Data Preprocessing,Artificial Intelligence and Machine Learning
Model Evaluation,Artificial Intelligence and Machine Learning
Hyperparameter Tuning,Artificial Intelligence and Machine Learning
Data Visualization,Artificial Intelligence and Machine Learning
Ensemble Learning,Artificial Intelligence and Machine Learning
Reinforcement Learning,Artificial Intelligence and Machine Learning
Time Series Analysis,Artificial Intelligence and Machine Learning
AI Ethics,Artificial Intelligence and Machine Learning
Distributed Computing,Artificial Intelligence and Machine Learning
GPU Programming,Artificial Intelligence and Machine Learning
Deployment and Serving,Artificial Intelligence and Machine Learning
Big Data Technologies,Artificial Intelligence and Machine Learning
Version Control for ML,Artificial Intelligence and Machine Learning
Model Interpretability,Artificial Intelligence and Machine Learning
AutoML,Artificial Intelligence and Machine Learning
Cloud AI Services,Artificial Intelligence and Machine Learning
MLOps,Artificial Intelligence and Machine Learning
Quantum Machine Learning,Artificial Intelligence and Machine Learning
Time Series Forecasting,Artificial Intelligence and Machine Learning
Anomaly Detection,Artificial Intelligence and Machine Learning
Bayesian Methods,Artificial Intelligence and Machine Learning
Recommendation Systems,Artificial Intelligence and Machine Learning
A/B Testing,Artificial Intelligence and Machine Learning
Transfer Learning,Artificial Intelligence and Machine Learning
